time,sent,received,success_rate
0,100,70,0.6435767165491004
1,100,72,0.6947633130529288
2,100,68,0.6321448123509651
3,100,75,0.7111273687651707
4,100,73,0.696702267207025
5,100,69,0.6571449949939578
6,100,74,0.707134483427228
7,100,71,0.6697816789983881
8,100,70,0.6675603446809265
9,100,72,0.6883144255642915
